Date,Development,Core Indicator,Link,Column 1
1/24/2025,"U.S. teens are less likely than adults to know a trans person, more likely to know someone who’s nonbinary",Attitudinal Climate,https://www.pewresearch.org/short-reads/2025/01/24/us-teens-are-less-likely-than-adults-to-know-a-trans-person-more-likely-to-know-someone-whos-nonbinary/,
1/26/2025,"Study finds gender-affirming medical care for minors is very rare, refuting political narrative",Narrative Environment,https://www.pbs.org/newshour/show/study-finds-gender-affirming-care-for-minors-is-very-rare-refuting-political-narrative,
2/18/2025,"For every week without USAID, nearly one million women and girls worldwide are denied contraceptive care, according to analysis from the Guttmacher Institute, a leading reproductive health policy organisation.",Gendered Economic Conditions,https://www.independent.co.uk/news/world/usaid-global-health-hiv-women-africa-b2694023.html ,
2/20/2025,"Nearly one in 10 adults in the United States identifies as L.G.B.T.Q., according to a large analysis from Gallup released Thursday — almost triple the share since Gallup began counting in 2012, and up by two-thirds since 2020.",Narrative Environment,https://www.nytimes.com/2025/02/20/upshot/lgbtq-survey-results.html ,
2/26/2025,"A Pew Research Center survey revealed that 78% of lesbian, gay, bisexual, transgender and queer adults in the United States say they expect the administration’s policies to have a negative impact on people who are transgender. 71% expect a negative impact on those who are gay, lesbian or bisexual.",Attitudinal Climate,https://www.pewresearch.org/short-reads/2025/02/26/most-lgbtq-adults-expect-trumps-policies-to-affect-gay-lesbian-bisexual-and-trans-people-negatively/,
3/3/2025,"Among President Trump’s first executive orders were those targeting transgender people’s identity, military service, access to health care, access to education, and access to sports. GLAAD analyzed 35 first day stories from six of the largest media outlets. Only 13 of 35 stories included at least one quote by a transgender person. Day one stories have a greater reach than follow-on coverage.",Narrative Environment,https://glaad.org/media-analysis-executive-orders/ ,
3/11/2025,"New data from the Inter-Parliamentary Union (IPU) and UN Women reveal limited progress in achieving gender equality in political leadership at the start of 2025, the year which marks the 30th anniversary of the Beijing Declaration and Platform for Action, the landmark UN framework which set out the roadmap for gender equality and women’s rights. According to the 2025 edition of the IPU–UN Women “Women in politics” map, men outnumber women by more than three times in executive and legislative positions. The map presents the latest rankings of women in executive positions and national parliaments as of 1 January 2025. While the proportion of women in parliament has increased fractionally by 0.3 percentage points to 27.2 per cent compared to a year ago, in government positions it has declined by 0.4 percentage points.",Democratic Climate,https://www.unwomen.org/en/news-stories/press-release/2025/03/political-leadership-roles-in-2025-men-continue-to-dominate,
3/11/2025,More than 20 states and the District of Columbia have banned conversion therapy for minors.,Democratic Climate,https://www.newsweek.com/map-states-conversion-therapy-banned-minors-2042727,
3/25/2025,"On Equal Pay Day 2025, the American Association of University Women (AAUW) releases its latest report, The Not So Simple Truth About the Gender Pay Gap, revealing a troubling reversal in progress: the pay gap widened in 2023 for the first time in decades. According to the report, women working full-time, year-round earned just 83 cents for every dollar earned by men, down from previous years. When including part-time and seasonal workers, the earnings ratio drops to 75 cents. The gaps are even larger gaps for women of color, LGBTQ+ women, and women with disabilities. ",Gendered Economic Conditions,https://www.aauw.org/resources/news/media/press-releases/gender-pay-aauws-new-report-exposes-the-deep-rooted-causes-of-pay-inequity-on-equal-pay-day-2025/,https://www.epi.org/blog/gender-pay-gap-2024/
3/26/2025,"Washington has one of the nation's highest gender pay gaps, according to 2023 census data. The median pay for women who worked in Washington state in 2023 was about $17,400 less than for men, according to data from the Census Bureau's American Community Survey.",Gendered Economic Conditions,https://www.axios.com/local/seattle/2025/03/26/gender-pay-gap-washington-state,
4/30/2025,"Twenty-seven states have passed bans on gender-affirming health care for transgender children and teenagers, according to a CNN analysis of data from the Movement Advancement Project, a nonprofit think tank that advocates for LGBTQ rights. An estimated 40% of transgender youth ages 13 to 17 live in these states, according to MAP and The Williams Institute. These laws are in the spotlight after the US Supreme Court heard oral arguments late last year in a case that challenges Tennessee’s ban on transgender care for minors. Gender-affirming care includes medically necessary, evidence-based care that uses a multidisciplinary approach to help a person transition from their assigned gender — the one the person was designated at birth — to their affirmed gender, the gender by which one wants to be known.",Democratic Climate,https://www.cnn.com/politics/state-ban-gender-affirming-care-transgender-dg,
5/10/2025,"About half of U.S. adults approve of how President Donald Trump is handling transgender issues, according to a new poll — a relative high point for a president who has the approval overall of about 4 in 10 Americans. But support for his individual policies on transgender people is not uniformly strong, with a clearer consensus against policies that affect youth.",Attitudinal Climate,https://apnews.com/article/transgender-poll-care-bathrooms-military-trump-b5c9521d3d486e87c8631a99a455df2f ,
6/11/2025,"Results of a new Gallup poll reveal an increase in the number of Americans who support policies that prioritize sex over gender identity. The polling firm surveyed 1,003 U.S. adults from May 1–18, asking them a number of questions related to sex and gender with a margin of sampling error of 4%. When compared with the 2021 and 2023 Gallup research surveys on sex and gender, the new study revealed an increase in the number of Americans who prefer using sex as an identifier rather than “gender identity.”",Attitudinal Climate,https://www.catholicnewsagency.com/news/264689/new-poll-shows-more-americans-support-prioritizing-birth-sex-over-gender-identity ,
7/11/2025,"Societal stress could be driving some transgender and gender-diverse people to the bottle, a small-scale study says. People whose gender identity differs from their birth sex drink more alcohol and engage in more hazardous drinking than cisgender heterosexual peers, according to findings published July 6 in the journal Alcohol: Clinical & Experimental Research.",Narrative Environment,https://www.usnews.com/news/health-news/articles/2025-07-11/societal-stress-driving-trans-gender-diverse-to-drink ,
9/8/2025,"The latest NBC News Decision Desk Poll powered by SurveyMonkey shows how the political gender gap persists alongside different social beliefs between young men and women. Gender divides within adults ages 18 to 29 show up in questions ranging from how Americans feel about President Donald Trump to their views on what constitutes success. Young men and women also feel very different about mental health, cultural issues and questions about gender and the workplace. Among Gen Z overall, 64% disapprove of Trump’s job performance versus 36% who approve. But young men are more evenly split (53% disapprove, 47% approve) than young women (74% disapprove, 26% approve). The 21-point difference in Trump’s approval rating is unchanged from April.",Attitudinal Climate,https://www.nbcnews.com/politics/politics-news/poll-gen-zs-gender-divide-reaches-politics-views-marriage-children-suc-rcna229255 ,
9/12/2025,"The gender wage gap widened in 2024 for the second consecutive year, according to new figures released by the US Census Bureau. Women working full-time earned a median salary equivalent to 81% of what their male counterparts earned in 2024, down from 83% the year prior, according to the report. The median man working full-time saw his earnings climb to $71,090, up 3.7% from the previous year, while the median salary for women stayed flat, at $57,520. This is the first time the gender pay gap has widened for two years in a row—a worrying trend for advocates that hoped policies like pay transparency would help lessen this disparity.",Gendered Economic Conditions,https://www.hr-brew.com/stories/2025/09/12/us-gender-pay-gap-widened-second-year-in-a-row ,
10/6/2025,"Voters under 50 are the least open to electing a female president, and four in 10 Americans personally know someone who would not elect a woman to the White House, a new poll finds. The American University poll, shared first with POLITICO, reveals a complicated portrait of how voters view women in politics. A majority supports electing more women to office, yet female politicians face persistent headwinds over trust on key issues like national security. They also run up against double standards, with voters saying a female president must be both “tough” and “likable.”  ",Attitudinal Climate,    https://www.politico.com/news/2025/10/06/americans-remain-wary-of-electing-a-female-president-new-poll-reveals-00594591                                                                                                                                                                ,
10/17/2025,"Divorce has seen a significant decline since the early 1980s, according to analysis by the Pew Research Center. The refined divorce rate peaked at 22.6 divorces per 1,000 married women around 1980, Pew said, citing federal data. That rate fell slightly to 20.5 in 2008, but has dropped more significantly since then to 14.4 in 2023. ",Narrative Environment,https://www.newsweek.com/divorce-rates-fallen-dramatically-since-1980s-10893897,
10/20/2025,"The Voting Rights Act, a landmark law barring discrimination in voting, was a product of the U.S. civil rights era, sought by Nobel Peace Prize recipient Martin Luther King, passed by Congress and signed by Democratic President Lyndon Johnson in 1965. Six decades later, it faces its greatest threat, with the U.S. Supreme Court, which has a 6-3 conservative majority, looking poised to hollow out one key section after gutting a different one in 2013.",Democratic Climate,https://www.reuters.com/world/us/voting-rights-act-faces-near-death-experience-us-supreme-court-2025-10-18/,
10/21/2025,"Most U.S. adults are worried about health care becoming more expensive, according to a new AP-NORC poll, as they make decisions about next year’s health coverage and a government shutdown keeps future health costs in limbo for millions. About 6 in 10 Americans are “extremely” or “very” concerned about their health costs going up in the next year, the survey from The Associated Press-NORC Center for Public Affairs Research finds — a worry that extends across age groups and includes people with and without health insurance.",Attitudinal Climate,https://www.pbs.org/newshour/health/most-americans-are-concerned-about-rising-health-care-costs-ap-norc-poll-finds,
10/26/2025,"A new report from the nonpartisan think tank Council on Criminal Justice warns that policies and practices across the nation’s criminal justice systems are failing to address the distinct factors that drive women into the system — and in doing so, are harming families and undermining public safety.The report, which was released early this month, calls on states and local communities to reconsider how they respond to women at the earliest stages of criminal justice involvement — from arrest and pretrial detention to charging and sentencing — and to focus more on prevention, treatment and family stability.",Democratic Climate,https://mainemorningstar.com/2025/10/26/new-report-urges-more-individualized-justice-system-responses-for-women/ ,
10/29/2025," Female mayors experience political violence at a much higher rate than their male counterparts, according to the results of a new study conducted by the Mayors Innovation Project.",Democratic Climate,https://www.politico.com/news/2025/10/29/political-violence-plagues-00627789,
11/6/2025,"TV shows like “Abbott Elementary,” “Hacks,” “Heartstopper,” “The Last of Us” and “Yellowjackets” helped increase the ranks of LGBTQ+ characters on prime time by 4% over the previous season, according to a new study by the advocacy group GLAAD.",Narrative Environment,https://apnews.com/article/tv-glaad-2025-report-lgbtq-153f383bc27b0e6f0b17284b783e8556,
11/21/2025,Shield laws that protect abortion providers and patients from out-of-state prosecutions have become a point of contention in the fight over access to abortion medication. These measures popped up in nearly two dozen states in the years since the U.S. Supreme Court overturned federal abortion rights. ,Legislative Momentum,https://mainemorningstar.com/2025/11/21/repub/democratic-led-states-ramp-up-protections-in-reproductive-health-shield-laws/,
11/21/2025,"Donald Trump has assembled the least diverse US government of the 21st century, filling the corridors of power with white men at the expense of women and people of colour, research shows. Nine in 10 individuals confirmed by the Senate in the first 300 days of the second Trump administration were white, according to the Brookings Institution thinktank in Washington.",Democratic Climate,https://www.theguardian.com/education/2025/nov/21/workers-department-education-trump,
11/20/2025,"According to a yearlong investigation from Bloomberg Law and NBC News that reveals systemic failures. Pregnant women are locked up, often for petty crimes, and say their cries for help go ignored. They are miscarrying or giving birth in excruciating pain into cell toilets or on filthy jail floors. Newborns are suffering infections and long-lasting health issues, their mothers say. Some babies die. These catastrophes are largely hidden from public view. To bring them to light, this investigation relied on thousands of pages of legal complaints, depositions, police reports, medical and jail records, and body camera and surveillance video. Reporters interviewed more than 60 people including a dozen formerly incarcerated women.",Democratic Climate,https://www.nbcnews.com/news/us-news/pregnant-women-babies-endure-inhumane-conditions-jails-rcna241871,
12/9/2025,"At least 23 independent clinics have closed this year, according to a report released Tuesday by Abortion Care Network, compared with 12 last year. Most were in states with abortion-rights protections, the report found. Independent providers face less recognition than Planned Parenthood and ongoing barriers to funding. Donations to abortion clinics and funds have waned, leading to more out-of-pocket costs for patients, States Newsroom reported last year.  ",Gendered Economic Conditions,https://www.newsfromthestates.com/article/abortion-patients-most-often-rely-independent-clinics-more-closed-2025-report-shows,
12/15/2025,"Transgender students in Maine public schools this year faced more than twice the threats, violence and bullying of their peers, according to new state data — disparities advocates say are worsening as political attacks on LGBTQ-inclusive school policies escalate. They were also more than four times as likely to attempt suicide, and more than three times as likely to self-harm through cutting or burning themselves, according to the latest Maine Integrated Youth Health Survey, which was conducted Feb. through March 2025 and studies the mental and physical health of students 5th grade and older. ",Democratic Climate,https://mainemorningstar.com/2025/12/15/maine-survey-shows-trans-students-face-double-the-threats-violence-as-their-peers/,
1/1/2026,"Up to seven states will vote on abortion rights this year. But recent polling indicates that Democrats may not be able to count on the issue in their efforts to drive votes in the 2026 midterms, after making abortion rights the centerpiece of their pitch to voters in the elections that followed the fall of Roe v Wade. In 2024, 55% of Democrats said abortion was important to their vote, according to polling from the Public Religion Research Institute (PRRI). But in October of this year, just 36% of Democrats said the same. By contrast, abortion remained about as important to Republicans in both 2024 and 2025, PRRI found. PRRI’s findings mirror a September poll from the 19th and SurveyMonkey, which found that the voters who cared most about abortion are people who want to see it banned.",Attitudinal Climate,https://www.theguardian.com/world/2026/jan/01/abortion-states-2026-midterms,